["Aspen Aspen-1 Green-Top W1R1Fa AREF","http://speclab.cr.usgs.gov/spectral.lib06/ds231/DESCRIPT/V/aspen_aspen-1.html","http://speclab.cr.usgs.gov/spectral.lib06/ds231/ASCII/V/aspen_aspen-1.29568.asc"]
["Aspen Aspen-2 Green-Bottom W1R1Fa AREF","http://speclab.cr.usgs.gov/spectral.lib06/ds231/DESCRIPT/V/aspen_aspen-2.html","http://speclab.cr.usgs.gov/spectral.lib06/ds231/ASCII/V/aspen_aspen-2.29590.asc"]
["Aspen Aspen-3 YellowGreenTop W1R1Fa AREF","http://speclab.cr.usgs.gov/spectral.lib06/ds231/DESCRIPT/V/aspen_aspen-3.html","http://speclab.cr.usgs.gov/spectral.lib06/ds231/ASCII/V/aspen_aspen-3.29612.asc"]
["Aspen Aspen-4 Yellow-Top W1R1Fa AREF","http://speclab.cr.usgs.gov/spectral.lib06/ds231/DESCRIPT/V/aspen_aspen-4.html","http://speclab.cr.usgs.gov/spectral.lib06/ds231/ASCII/V/aspen_aspen-4.29634.asc"]
["Aspen YNP-AS-1 W1R1Ab RTGC","http://speclab.cr.usgs.gov/spectral.lib06/ds231/DESCRIPT/V/aspen_ynp-as-1.html","http://speclab.cr.usgs.gov/spectral.lib06/ds231/ASCII/V/aspen_ynp-as-1.29656.asc"]
["Aspen_Leaf-A DW92-2 W1R1Ba AREF","http://speclab.cr.usgs.gov/spectral.lib06/ds231/DESCRIPT/V/aspen_leaf_dw92-2.html","http://speclab.cr.usgs.gov/spectral.lib06/ds231/ASCII/V/aspen_leaf_dw92-2.29665.asc"]
["Aspen_Leaf-B DW92-3 W1R1Ba AREF","http://speclab.cr.usgs.gov/spectral.lib06/ds231/DESCRIPT/V/aspena_dw92-3.veg.html","http://speclab.cr.usgs.gov/spectral.lib06/ds231/ASCII/V/aspena_dw92-3.veg.29675.asc"]
["Bacterial-Mat YNP-B1 W1R1Ab RTGC","http://speclab.cr.usgs.gov/spectral.lib06/ds231/DESCRIPT/V/bacterial-mat_ynp-b1.html","http://speclab.cr.usgs.gov/spectral.lib06/ds231/ASCII/V/bacterial-mat_ynp-b1.29686.asc"]
["Blackbrush ANP92-9A leaves W1R1Ba AREF","http://speclab.cr.usgs.gov/spectral.lib06/ds231/DESCRIPT/V/blackbrush_anp92-1a_veg.html","http://speclab.cr.usgs.gov/spectral.lib06/ds231/ASCII/V/blackbrush_anp92-1a_veg.29695.asc"]
["Blue_Spruce DW92-5 needle W1R1Ba AREF","http://speclab.cr.usgs.gov/spectral.lib06/ds231/DESCRIPT/V/bluespruce_dw92-5.veg.html","http://speclab.cr.usgs.gov/spectral.lib06/ds231/ASCII/V/bluespruce_dw92-5.veg.29705.asc"]
["Cactus Opuntia-1 Purple_pad W1R1Fa AREF","http://speclab.cr.usgs.gov/spectral.lib06/ds231/DESCRIPT/V/cactus_opuntia-1.html","http://speclab.cr.usgs.gov/spectral.lib06/ds231/ASCII/V/cactus_opuntia-1.29715.asc"]
["Cattail YNP-CT-1 W1R1Ab RTGC","http://speclab.cr.usgs.gov/spectral.lib06/ds231/DESCRIPT/V/cattail_ynp-ct-1.html","http://speclab.cr.usgs.gov/spectral.lib06/ds231/ASCII/V/cattail_ynp-ct-1.29735.asc"]
["Cheatgrass ANP92-11A W1R1Ba AREF","http://speclab.cr.usgs.gov/spectral.lib06/ds231/DESCRIPT/V/cheatgrass_anp92-11a_veg.html","http://speclab.cr.usgs.gov/spectral.lib06/ds231/ASCII/V/cheatgrass_anp92-11a_veg.29744.asc"]
["Cheatgrass ANPC1 field Calib W1R1Fa AREF","http://speclab.cr.usgs.gov/spectral.lib06/ds231/DESCRIPT/V/cheatgrass_anpc1.html","http://speclab.cr.usgs.gov/spectral.lib06/ds231/ASCII/V/cheatgrass_anpc1.29754.asc"]
["Conifer-Meadow-Mix YNP-CM-1 W1R1Ab RTGC","http://speclab.cr.usgs.gov/spectral.lib06/ds231/DESCRIPT/V/conifer_meadow-mix_ynp-cm-1.html","http://speclab.cr.usgs.gov/spectral.lib06/ds231/ASCII/V/conifer_meadow-mix_ynp-cm-1.29776.asc"]
["Douglas-Fir YNP-DF-1 W1R1Ab RTGC","http://speclab.cr.usgs.gov/spectral.lib06/ds231/DESCRIPT/V/douglas_fir_ynp-df-1.html","http://speclab.cr.usgs.gov/spectral.lib06/ds231/ASCII/V/douglas_fir_ynp-df-1.29785.asc"]
["Douglas-Fir YNP-DF-2 W1R1Ab RTGC","http://speclab.cr.usgs.gov/spectral.lib06/ds231/DESCRIPT/V/douglas_fir_ynp-df-2.html","http://speclab.cr.usgs.gov/spectral.lib06/ds231/ASCII/V/douglas_fir_ynp-df-2.29794.asc"]
["Douglas-Fir YNP-DF-3 W1R1Ab RTGC","http://speclab.cr.usgs.gov/spectral.lib06/ds231/DESCRIPT/V/douglas_fir_ynp-df-3.html","http://speclab.cr.usgs.gov/spectral.lib06/ds231/ASCII/V/douglas_fir_ynp-df-3.29803.asc"]
["Dry_Long_Grass AV87-2 W1R1Ba AREF","http://speclab.cr.usgs.gov/spectral.lib06/ds231/DESCRIPT/V/dry_longgrass_av87-2.html","http://speclab.cr.usgs.gov/spectral.lib06/ds231/ASCII/V/dry_longgrass_av87-2.29812.asc"]
["Engelmann-Spruce ES-Needls-1 W1R1Fa AREF","http://speclab.cr.usgs.gov/spectral.lib06/ds231/DESCRIPT/V/engelmann-spruce_es-needls-1.html","http://speclab.cr.usgs.gov/spectral.lib06/ds231/ASCII/V/engelmann-spruce_es-needls-1.29822.asc"]
["Espruce-Sfir YNP-SF-1 W1R1Ab RTGC","http://speclab.cr.usgs.gov/spectral.lib06/ds231/DESCRIPT/V/espruce-sfir_ynp-sf-1.html","http://speclab.cr.usgs.gov/spectral.lib06/ds231/ASCII/V/espruce-sfir_ynp-sf-1.29842.asc"]
["Espruce-Sfir YNP-SF-2 W1R1Ab RTGC","http://speclab.cr.usgs.gov/spectral.lib06/ds231/DESCRIPT/V/espruce-sfir_ynp-sf-2.html","http://speclab.cr.usgs.gov/spectral.lib06/ds231/ASCII/V/espruce-sfir_ynp-sf-2.29851.asc"]
["Espruce-Sfir YNP-SF-3 W1R1Ab RTGC","http://speclab.cr.usgs.gov/spectral.lib06/ds231/DESCRIPT/V/espruce-sfir_ynp-sf-3.html","http://speclab.cr.usgs.gov/spectral.lib06/ds231/ASCII/V/espruce-sfir_ynp-sf-3.29860.asc"]
["Espruce-Sfir YNP-SF-4 W1R1Ab RTGC","http://speclab.cr.usgs.gov/spectral.lib06/ds231/DESCRIPT/V/espruce-sfir_ynp-sf-4.html","http://speclab.cr.usgs.gov/spectral.lib06/ds231/ASCII/V/espruce-sfir_ynp-sf-4.29870.asc"]
["Espruce-Sfir YNP-SF-5 W1R1Ab RTGC","http://speclab.cr.usgs.gov/spectral.lib06/ds231/DESCRIPT/V/espruce-sfir_ynp-sf-5.html","http://speclab.cr.usgs.gov/spectral.lib06/ds231/ASCII/V/espruce-sfir_ynp-sf-5.29880.asc"]
["Fir_Tree IH91-2 W1R1Ba AREF","http://speclab.cr.usgs.gov/spectral.lib06/ds231/DESCRIPT/V/firtree_ih91-2.html","http://speclab.cr.usgs.gov/spectral.lib06/ds231/ASCII/V/firtree_ih91-2.29889.asc"]
["Flower Geranium-1 Red-Orange W1R1Fa AREF","http://speclab.cr.usgs.gov/spectral.lib06/ds231/DESCRIPT/V/flower_geranium-1.html","http://speclab.cr.usgs.gov/spectral.lib06/ds231/ASCII/V/flower_geranium-1.29900.asc"]
["Flower Pansy-1 Yellow W1R1Fa AREF","http://speclab.cr.usgs.gov/spectral.lib06/ds231/DESCRIPT/V/flower_pansy-1.html","http://speclab.cr.usgs.gov/spectral.lib06/ds231/ASCII/V/flower_pansy-1.29920.asc"]
["Flower Petunia-1 Pink W1R1Fa AREF","http://speclab.cr.usgs.gov/spectral.lib06/ds231/DESCRIPT/V/flower_petunia-1.html","http://speclab.cr.usgs.gov/spectral.lib06/ds231/ASCII/V/flower_petunia-1.29941.asc"]
["Flower Petunia-2 Purple W1R1Fa AREF","http://speclab.cr.usgs.gov/spectral.lib06/ds231/DESCRIPT/V/flower_petunia-2.html","http://speclab.cr.usgs.gov/spectral.lib06/ds231/ASCII/V/flower_petunia-2.29962.asc"]
["Flower Petunia-3 White W1R1Fa AREF","http://speclab.cr.usgs.gov/spectral.lib06/ds231/DESCRIPT/V/flower_petunia-3.html","http://speclab.cr.usgs.gov/spectral.lib06/ds231/ASCII/V/flower_petunia-3.29983.asc"]
["Flower Platycodon-1 Purple W1R1Fa AREF","http://speclab.cr.usgs.gov/spectral.lib06/ds231/DESCRIPT/V/flower_platycodon-1.html","http://speclab.cr.usgs.gov/spectral.lib06/ds231/ASCII/V/flower_platycodon-1.30003.asc"]
["Flower Platycodon-2 White W1R1Fa AREF","http://speclab.cr.usgs.gov/spectral.lib06/ds231/DESCRIPT/V/flower_platycodon-2.html","http://speclab.cr.usgs.gov/spectral.lib06/ds231/ASCII/V/flower_platycodon-2.30024.asc"]
["Grass-Fescue-Wheatg YNP-FW-1 W1R1Ab RTGC","http://speclab.cr.usgs.gov/spectral.lib06/ds231/DESCRIPT/V/grass-fescue-wheatg_ynp-fw-1.html","http://speclab.cr.usgs.gov/spectral.lib06/ds231/ASCII/V/grass-fescue-wheatg_ynp-fw-1.30045.asc"]
["Grass-Fescue-Wheatg YNP-FW-2 W1R1Ab RTGC","http://speclab.cr.usgs.gov/spectral.lib06/ds231/DESCRIPT/V/grass-fescue-wheatg_ynp-fw-2.html","http://speclab.cr.usgs.gov/spectral.lib06/ds231/ASCII/V/grass-fescue-wheatg_ynp-fw-2.30055.asc"]
["Grass-Fescue-Wheatg YNP-FW-3 W1R1Ab RTGC","http://speclab.cr.usgs.gov/spectral.lib06/ds231/DESCRIPT/V/grass-fescue-wheatg_ynp-fw-3.html","http://speclab.cr.usgs.gov/spectral.lib06/ds231/ASCII/V/grass-fescue-wheatg_ynp-fw-3.30065.asc"]
["Grass-FescueNeedleg YNP-FN-1 W1R1Ab RTGC","http://speclab.cr.usgs.gov/spectral.lib06/ds231/DESCRIPT/V/grass-fescueneedleg_ynp-fn-1.html","http://speclab.cr.usgs.gov/spectral.lib06/ds231/ASCII/V/grass-fescueneedleg_ynp-fn-1.30075.asc"]
["Grass-Smoothbrome YNP-SB-1 W1R1Ab RTGC","http://speclab.cr.usgs.gov/spectral.lib06/ds231/DESCRIPT/V/grass-smoothbrome_ynp-sb-1.html","http://speclab.cr.usgs.gov/spectral.lib06/ds231/ASCII/V/grass-smoothbrome_ynp-sb-1.30084.asc"]
["Grass_Golden_Dry GDS480 W1R1Fa AREF","http://speclab.cr.usgs.gov/spectral.lib06/ds231/DESCRIPT/V/golden_dry_grass.gds480.html","http://speclab.cr.usgs.gov/spectral.lib06/ds231/ASCII/V/golden_dry_grass.gds480.30093.asc"]
["Juniper_Bush IH91-4B W1R1Ba AREF","http://speclab.cr.usgs.gov/spectral.lib06/ds231/DESCRIPT/V/juniper.ih91-4b.veg.html","http://speclab.cr.usgs.gov/spectral.lib06/ds231/ASCII/V/juniper.ih91-4b.veg.30112.asc"]
["Lawn_Grass GDS91 (Green) W1R1Ba AREF","http://speclab.cr.usgs.gov/spectral.lib06/ds231/DESCRIPT/V/lawn_grass_gds91.html","http://speclab.cr.usgs.gov/spectral.lib06/ds231/ASCII/V/lawn_grass_gds91.30123.asc"]
["LeafySpurge Spurge-A1-Jul98 W1R1Fa AREF","http://speclab.cr.usgs.gov/spectral.lib06/ds231/DESCRIPT/V/leafyspurge_spurge-a1-jul98.html","http://speclab.cr.usgs.gov/spectral.lib06/ds231/ASCII/V/leafyspurge_spurge-a1-jul98.30134.asc"]
["LeafySpurge Spurge-A1-Jun98 W1R1Fa AREF","http://speclab.cr.usgs.gov/spectral.lib06/ds231/DESCRIPT/V/leafyspurge_spurge-a1-jun98.html","http://speclab.cr.usgs.gov/spectral.lib06/ds231/ASCII/V/leafyspurge_spurge-a1-jun98.30156.asc"]
["LeafySpurge Spurge-A1-Oct97 W1R1Fa AREF","http://speclab.cr.usgs.gov/spectral.lib06/ds231/DESCRIPT/V/leafyspurge_spurge-a1-oct97.html","http://speclab.cr.usgs.gov/spectral.lib06/ds231/ASCII/V/leafyspurge_spurge-a1-oct97.30178.asc"]
["LeafySpurge Spurge-A1-Sep97 W1R1Fa AREF","http://speclab.cr.usgs.gov/spectral.lib06/ds231/DESCRIPT/V/leafyspurge_spurge-a1-sep97.html","http://speclab.cr.usgs.gov/spectral.lib06/ds231/ASCII/V/leafyspurge_spurge-a1-sep97.30199.asc"]
["LeafySpurge Spurge-A2-Jun98 W1R1Fa AREF","http://speclab.cr.usgs.gov/spectral.lib06/ds231/DESCRIPT/V/leafyspurge_spurge-a2-jun98.html","http://speclab.cr.usgs.gov/spectral.lib06/ds231/ASCII/V/leafyspurge_spurge-a2-jun98.30221.asc"]
["LeafySpurge Spurge-B1-Jul98 W1R1Fa AREF","http://speclab.cr.usgs.gov/spectral.lib06/ds231/DESCRIPT/V/leafyspurge_spurge-b1-jul98.html","http://speclab.cr.usgs.gov/spectral.lib06/ds231/ASCII/V/leafyspurge_spurge-b1-jul98.30243.asc"]
["LeafySpurge Spurge-B1-Oct97 W1R1Fa AREF","http://speclab.cr.usgs.gov/spectral.lib06/ds231/DESCRIPT/V/leafyspurge_spurge-b1-oct97.html","http://speclab.cr.usgs.gov/spectral.lib06/ds231/ASCII/V/leafyspurge_spurge-b1-oct97.30265.asc"]
["LeafySpurge Spurge-B2-Jul98 W1R1Fa AREF","http://speclab.cr.usgs.gov/spectral.lib06/ds231/DESCRIPT/V/leafyspurge_spurge-b2-jul98.html","http://speclab.cr.usgs.gov/spectral.lib06/ds231/ASCII/V/leafyspurge_spurge-b2-jul98.30286.asc"]
["LeafySpurge Spurge-B3-Jul98 W1R1Fa AREF","http://speclab.cr.usgs.gov/spectral.lib06/ds231/DESCRIPT/V/leafyspurge_spurge-b3-jul98.html","http://speclab.cr.usgs.gov/spectral.lib06/ds231/ASCII/V/leafyspurge_spurge-b3-jul98.30308.asc"]
["LeafySpurge Spurge-C1-Oct97 W1R1Fa AREF","http://speclab.cr.usgs.gov/spectral.lib06/ds231/DESCRIPT/V/leafyspurge_spurge-c1-oct97.html","http://speclab.cr.usgs.gov/spectral.lib06/ds231/ASCII/V/leafyspurge_spurge-c1-oct97.30331.asc"]
["Lichen Acarospora-1 W1R1Fb AREF","http://speclab.cr.usgs.gov/spectral.lib06/ds231/DESCRIPT/V/lichen_acarospora-1.html","http://speclab.cr.usgs.gov/spectral.lib06/ds231/ASCII/V/lichen_acarospora-1.30351.asc"]
["Lichen Licedea-1 W1R1Fb AREF","http://speclab.cr.usgs.gov/spectral.lib06/ds231/DESCRIPT/V/lichen_licedea-1.html","http://speclab.cr.usgs.gov/spectral.lib06/ds231/ASCII/V/lichen_licedea-1.30374.asc"]
["Lichen Licedea-2 W1R1Fb AREF","http://speclab.cr.usgs.gov/spectral.lib06/ds231/DESCRIPT/V/lichen_licedea-2.html","http://speclab.cr.usgs.gov/spectral.lib06/ds231/ASCII/V/lichen_licedea-2.30397.asc"]
["Lichen Xanthoparmelia-1 W1R1Fb AREF","http://speclab.cr.usgs.gov/spectral.lib06/ds231/DESCRIPT/V/lichen_xanthoparmelia-1.html","http://speclab.cr.usgs.gov/spectral.lib06/ds231/ASCII/V/lichen_xanthoparmelia-1.30420.asc"]
["Lichen Xanthoparmelia-2 W1R1Fb AREF","http://speclab.cr.usgs.gov/spectral.lib06/ds231/DESCRIPT/V/lichen_xanthoparmelia-2.html","http://speclab.cr.usgs.gov/spectral.lib06/ds231/ASCII/V/lichen_xanthoparmelia-2.30443.asc"]
["Lichen Xanthoria-1 W1R1Fb AREF","http://speclab.cr.usgs.gov/spectral.lib06/ds231/DESCRIPT/V/lichen_xanthoria-1.html","http://speclab.cr.usgs.gov/spectral.lib06/ds231/ASCII/V/lichen_xanthoria-1.30466.asc"]
["Lodgepole-Pine LP-Needles-1 W1R1Fa AREF","http://speclab.cr.usgs.gov/spectral.lib06/ds231/DESCRIPT/V/lodgepole-pine_lp-needles-1.html","http://speclab.cr.usgs.gov/spectral.lib06/ds231/ASCII/V/lodgepole-pine_lp-needles-1.30489.asc"]
["Lodgepole-Pine LP-Needles-2 W1R1Fa AREF","http://speclab.cr.usgs.gov/spectral.lib06/ds231/DESCRIPT/V/lodgepole-pine_lp-needles-2.html","http://speclab.cr.usgs.gov/spectral.lib06/ds231/ASCII/V/lodgepole-pine_lp-needles-2.30509.asc"]
["Lodgepole-Pine LP-Needles-3 W1R1Fa AREF","http://speclab.cr.usgs.gov/spectral.lib06/ds231/DESCRIPT/V/lodgepole-pine_lp-needles-3.html","http://speclab.cr.usgs.gov/spectral.lib06/ds231/ASCII/V/lodgepole-pine_lp-needles-3.30529.asc"]
["Lodgepole-Pine YNP-LP W1R1Ab RTGC","http://speclab.cr.usgs.gov/spectral.lib06/ds231/DESCRIPT/V/lodgepole-pine_ynp-lp.html","http://speclab.cr.usgs.gov/spectral.lib06/ds231/ASCII/V/lodgepole-pine_ynp-lp.30550.asc"]
["Lodgepole-Pine YNP-LP0-MOD W1R1Ab RTGC","http://speclab.cr.usgs.gov/spectral.lib06/ds231/DESCRIPT/V/lodgepole-pine_ynp-lp0-mod.html","http://speclab.cr.usgs.gov/spectral.lib06/ds231/ASCII/V/lodgepole-pine_ynp-lp0-mod.30560.asc"]
["Lodgepole-Pine YNP-LP0-VIG W1R1Ab RTGC","http://speclab.cr.usgs.gov/spectral.lib06/ds231/DESCRIPT/V/lodgepole-pine_ynp-lp0-vig.html","http://speclab.cr.usgs.gov/spectral.lib06/ds231/ASCII/V/lodgepole-pine_ynp-lp0-vig.30570.asc"]
["Lodgepole-Pine YNP-LP1-A W1R1Ab RTGC","http://speclab.cr.usgs.gov/spectral.lib06/ds231/DESCRIPT/V/lodgepole-pine_ynp-lp1-a.html","http://speclab.cr.usgs.gov/spectral.lib06/ds231/ASCII/V/lodgepole-pine_ynp-lp1-a.30580.asc"]
["Lodgepole-Pine YNP-LP1-B W1R1Ab RTGC","http://speclab.cr.usgs.gov/spectral.lib06/ds231/DESCRIPT/V/lodgepole-pine_ynp-lp1-b.html","http://speclab.cr.usgs.gov/spectral.lib06/ds231/ASCII/V/lodgepole-pine_ynp-lp1-b.30590.asc"]
["Lodgepole-Pine YNP-LP1-C W1R1Ab RTGC","http://speclab.cr.usgs.gov/spectral.lib06/ds231/DESCRIPT/V/lodgepole-pine_ynp-lp1-c.html","http://speclab.cr.usgs.gov/spectral.lib06/ds231/ASCII/V/lodgepole-pine_ynp-lp1-c.30600.asc"]
["Lodgepole-Pine YNP-LP1-D W1R1Ab RTGC","http://speclab.cr.usgs.gov/spectral.lib06/ds231/DESCRIPT/V/lodgepole-pine_ynp-lp1-d.html","http://speclab.cr.usgs.gov/spectral.lib06/ds231/ASCII/V/lodgepole-pine_ynp-lp1-d.30610.asc"]
["Lodgepole-Pine YNP-LP2-A W1R1Ab RTGC","http://speclab.cr.usgs.gov/spectral.lib06/ds231/DESCRIPT/V/lodgepole-pine_ynp-lp2-a.html","http://speclab.cr.usgs.gov/spectral.lib06/ds231/ASCII/V/lodgepole-pine_ynp-lp2-a.30620.asc"]
["Lodgepole-Pine YNP-LP2-B W1R1Ab RTGC","http://speclab.cr.usgs.gov/spectral.lib06/ds231/DESCRIPT/V/lodgepole-pine_ynp-lp2-b.html","http://speclab.cr.usgs.gov/spectral.lib06/ds231/ASCII/V/lodgepole-pine_ynp-lp2-b.30630.asc"]
["Lodgepole-Pine YNP-LP3-A W1R1Ab RTGC","http://speclab.cr.usgs.gov/spectral.lib06/ds231/DESCRIPT/V/lodgepole-pine_ynp-lp3-a.html","http://speclab.cr.usgs.gov/spectral.lib06/ds231/ASCII/V/lodgepole-pine_ynp-lp3-a.30640.asc"]
["Lodgepole-Pine YNP-LP3-B W1R1Ab RTGC","http://speclab.cr.usgs.gov/spectral.lib06/ds231/DESCRIPT/V/lodgepole-pine_ynp-lp3-b.html","http://speclab.cr.usgs.gov/spectral.lib06/ds231/ASCII/V/lodgepole-pine_ynp-lp3-b.30650.asc"]
["Maple_Leaves DW92-1 W1R1Ba AREF","http://speclab.cr.usgs.gov/spectral.lib06/ds231/DESCRIPT/V/maple_leaves-dw92-1.html","http://speclab.cr.usgs.gov/spectral.lib06/ds231/ASCII/V/maple_leaves-dw92-1.30659.asc"]
["Oak Oak-Leaf-1 fresh W1R1Fa AREF","http://speclab.cr.usgs.gov/spectral.lib06/ds231/DESCRIPT/V/oak_oak-leaf-1.html","http://speclab.cr.usgs.gov/spectral.lib06/ds231/ASCII/V/oak_oak-leaf-1.30669.asc"]
["Oak Oak-Leaf-2 dried W1R1Fa AREF","http://speclab.cr.usgs.gov/spectral.lib06/ds231/DESCRIPT/V/oak_oak-leaf-2.html","http://speclab.cr.usgs.gov/spectral.lib06/ds231/ASCII/V/oak_oak-leaf-2.30689.asc"]
["Pinon_Pine ANP92-14A needle W1R1Ba AREF","http://speclab.cr.usgs.gov/spectral.lib06/ds231/DESCRIPT/V/pinon_pine_anp92-14a.html","http://speclab.cr.usgs.gov/spectral.lib06/ds231/ASCII/V/pinon_pine_anp92-14a.30708.asc"]
["Rabbitbrush ANP92-27 W1R1Ba AREF","http://speclab.cr.usgs.gov/spectral.lib06/ds231/DESCRIPT/V/rabbitbrush.anp92-27.veg.html","http://speclab.cr.usgs.gov/spectral.lib06/ds231/ASCII/V/rabbitbrush.anp92-27.veg.30718.asc"]
["Russian_Olive DW92-4 W1R1Ba AREF","http://speclab.cr.usgs.gov/spectral.lib06/ds231/DESCRIPT/V/russianolive.dw92-4.html","http://speclab.cr.usgs.gov/spectral.lib06/ds231/ASCII/V/russianolive.dw92-4.30728.asc"]
["Sage_Brush IH91-1B W1R1Ba AREF","http://speclab.cr.usgs.gov/spectral.lib06/ds231/DESCRIPT/V/sagebrush.ih01-1b.html","http://speclab.cr.usgs.gov/spectral.lib06/ds231/ASCII/V/sagebrush.ih01-1b.30741.asc"]
["Sagebrush Sage-Leaves-1 dry W1R1Fa AREF","http://speclab.cr.usgs.gov/spectral.lib06/ds231/DESCRIPT/V/sagebrush_sage-leaves-1.html","http://speclab.cr.usgs.gov/spectral.lib06/ds231/ASCII/V/sagebrush_sage-leaves-1.30752.asc"]
["Sagebrush YNP-SS-1 W1R1Ab RTGC","http://speclab.cr.usgs.gov/spectral.lib06/ds231/DESCRIPT/V/sagebrush_ynp-ss-1.html","http://speclab.cr.usgs.gov/spectral.lib06/ds231/ASCII/V/sagebrush_ynp-ss-1.30773.asc"]
["Sagebrush YNP-SS-2 W1R1Ab RTGC","http://speclab.cr.usgs.gov/spectral.lib06/ds231/DESCRIPT/V/sagebrush_ynp-ss-2.html","http://speclab.cr.usgs.gov/spectral.lib06/ds231/ASCII/V/sagebrush_ynp-ss-2.30783.asc"]
["Sagebrush YNP-SS-3 W1R1Ab RTGC","http://speclab.cr.usgs.gov/spectral.lib06/ds231/DESCRIPT/V/sagebrush_ynp-ss-3.html","http://speclab.cr.usgs.gov/spectral.lib06/ds231/ASCII/V/sagebrush_ynp-ss-3.30793.asc"]
["Sagebrush YNP-SS-4 W1R1Ab RTGC","http://speclab.cr.usgs.gov/spectral.lib06/ds231/DESCRIPT/V/sagebrush_ynp-ss-4.html","http://speclab.cr.usgs.gov/spectral.lib06/ds231/ASCII/V/sagebrush_ynp-ss-4.30803.asc"]
["Saltbrush ANP92-31A W1R1Ba AREF","http://speclab.cr.usgs.gov/spectral.lib06/ds231/DESCRIPT/V/saltbrush.anp92-31a.veg.html","http://speclab.cr.usgs.gov/spectral.lib06/ds231/ASCII/V/saltbrush.anp92-31a.veg.30812.asc"]
["Sedge YNP-SE-1 W1R1Ab RTGC","http://speclab.cr.usgs.gov/spectral.lib06/ds231/DESCRIPT/V/sedge_ynp-se-1.html","http://speclab.cr.usgs.gov/spectral.lib06/ds231/ASCII/V/sedge_ynp-se-1.30822.asc"]
["Tumbleweed ANP92-2C Dry W1R1Ba AREF","http://speclab.cr.usgs.gov/spectral.lib06/ds231/DESCRIPT/V/tumbleweed.anp92-2c.veg.html","http://speclab.cr.usgs.gov/spectral.lib06/ds231/ASCII/V/tumbleweed.anp92-2c.veg.30831.asc"]
["Walnut_Leaf SUN (Green) W1R1Ba AREF","http://speclab.cr.usgs.gov/spectral.lib06/ds231/DESCRIPT/V/walnut.veg.html","http://speclab.cr.usgs.gov/spectral.lib06/ds231/ASCII/V/walnut.veg.30841.asc"]
["Wetland YNP-WT-1 W1R1Ab RTGC","http://speclab.cr.usgs.gov/spectral.lib06/ds231/DESCRIPT/V/wetland_ynp-wt-1.html","http://speclab.cr.usgs.gov/spectral.lib06/ds231/ASCII/V/wetland_ynp-wt-1.30851.asc"]
["Wetland YNP-WT-2 W1R1Ab RTGC","http://speclab.cr.usgs.gov/spectral.lib06/ds231/DESCRIPT/V/wetland_ynp-wt-2.html","http://speclab.cr.usgs.gov/spectral.lib06/ds231/ASCII/V/wetland_ynp-wt-2.30860.asc"]
["Whitebark-Pine YNP-WB-1 W1R1Ab RTGC","http://speclab.cr.usgs.gov/spectral.lib06/ds231/DESCRIPT/V/whitebark-pine_ynp-wb-1.html","http://speclab.cr.usgs.gov/spectral.lib06/ds231/ASCII/V/whitebark-pine_ynp-wb-1.30869.asc"]
["Whitebark-Pine YNP-WB-2 W1R1Ab RTGC","http://speclab.cr.usgs.gov/spectral.lib06/ds231/DESCRIPT/V/whitebark-pine_ynp-wb-2.html","http://speclab.cr.usgs.gov/spectral.lib06/ds231/ASCII/V/whitebark-pine_ynp-wb-2.30878.asc"]
["Willow Willow-Leaves-1 dry W1R1Fa AREF","http://speclab.cr.usgs.gov/spectral.lib06/ds231/DESCRIPT/V/willow_willow-leaves-1.html","http://speclab.cr.usgs.gov/spectral.lib06/ds231/ASCII/V/willow_willow-leaves-1.30887.asc"]
["Willow YNP-WI-1 W1R1Ab RTGC","http://speclab.cr.usgs.gov/spectral.lib06/ds231/DESCRIPT/V/willow_ynp-wi-1.html","http://speclab.cr.usgs.gov/spectral.lib06/ds231/ASCII/V/willow_ynp-wi-1.30907.asc"]
["Willow-Sedge-Mix YNP-WS-1 W1R1Ab RTGC","http://speclab.cr.usgs.gov/spectral.lib06/ds231/DESCRIPT/V/willow-sedge-mix_ynp-ws-1.html","http://speclab.cr.usgs.gov/spectral.lib06/ds231/ASCII/V/willow-sedge-mix_ynp-ws-1.30916.asc"]
["Antigorite+.2DryGrass AMX26 W1R1Fa AREF","http://speclab.cr.usgs.gov/spectral.lib06/ds231/DESCRIPT/V/antigorite_grass20.html","http://speclab.cr.usgs.gov/spectral.lib06/ds231/ASCII/V/antigorite_grass20.30925.asc"]
["Antigorite+.33DryGrass AMX25 W1R1Fa AREF","http://speclab.cr.usgs.gov/spectral.lib06/ds231/DESCRIPT/V/antigorite_grass33.html","http://speclab.cr.usgs.gov/spectral.lib06/ds231/ASCII/V/antigorite_grass33.30944.asc"]
["Grass_dry.4+.6green AMX27 W1R1Ba AREF","http://speclab.cr.usgs.gov/spectral.lib06/ds231/DESCRIPT/V/grass_dry+green_series.html","http://speclab.cr.usgs.gov/spectral.lib06/ds231/ASCII/V/grass_dry+green_series.30964.asc"]
["Grass_dry.5+.5green AMX28 W1R1Ba AREF","http://speclab.cr.usgs.gov/spectral.lib06/ds231/DESCRIPT/V/grass_dry+green_series.html","http://speclab.cr.usgs.gov/spectral.lib06/ds231/ASCII/V/grass_dry+green_series.30978.asc"]
["Grass_dry.6+.4green AMX29 W1R1Ba AREF","http://speclab.cr.usgs.gov/spectral.lib06/ds231/DESCRIPT/V/grass_dry+green_series.html","http://speclab.cr.usgs.gov/spectral.lib06/ds231/ASCII/V/grass_dry+green_series.30993.asc"]
["Grass_dry.7+.3green AMX30 W1R1Ba AREF","http://speclab.cr.usgs.gov/spectral.lib06/ds231/DESCRIPT/V/grass_dry+green_series.html","http://speclab.cr.usgs.gov/spectral.lib06/ds231/ASCII/V/grass_dry+green_series.31008.asc"]
["Grass_dry.8+.2green AMX31 W1R1Ba AREF","http://speclab.cr.usgs.gov/spectral.lib06/ds231/DESCRIPT/V/grass_dry+green_series.html","http://speclab.cr.usgs.gov/spectral.lib06/ds231/ASCII/V/grass_dry+green_series.31023.asc"]
["Grass_dry.9+.1green AMX32 W1R1Ba AREF","http://speclab.cr.usgs.gov/spectral.lib06/ds231/DESCRIPT/V/grass_dry+green_series.html","http://speclab.cr.usgs.gov/spectral.lib06/ds231/ASCII/V/grass_dry+green_series.31038.asc"]
["Lawn_Grass GDS91 +1shf/unshf W1R1Ba AREF","http://speclab.cr.usgs.gov/spectral.lib06/ds231/DESCRIPT/V/lawn_grass_gds91b.html","http://speclab.cr.usgs.gov/spectral.lib06/ds231/ASCII/V/lawn_grass_gds91b.31056.asc"]
["Lawn_Grass GDS91 +1shft 3nm W1R1Ba AREF","http://speclab.cr.usgs.gov/spectral.lib06/ds231/DESCRIPT/V/lawn_grass_gds91b.html","http://speclab.cr.usgs.gov/spectral.lib06/ds231/ASCII/V/lawn_grass_gds91b.31074.asc"]
["Lawn_Grass GDS91 +const 1.0 W1R1Ba AREF","http://speclab.cr.usgs.gov/spectral.lib06/ds231/DESCRIPT/V/lawn_grass_gds91b.html","http://speclab.cr.usgs.gov/spectral.lib06/ds231/ASCII/V/lawn_grass_gds91b.31090.asc"]
["Lawn_Grass GDS91 /shiftd 3nm W1R1Ba AREF","http://speclab.cr.usgs.gov/spectral.lib06/ds231/DESCRIPT/V/lawn_grass_gds91b.html","http://speclab.cr.usgs.gov/spectral.lib06/ds231/ASCII/V/lawn_grass_gds91b.31107.asc"]
["Lawn_Grass GDS91 shifted 3nm W1R1Ba AREF","http://speclab.cr.usgs.gov/spectral.lib06/ds231/DESCRIPT/V/lawn_grass_gds91b.html","http://speclab.cr.usgs.gov/spectral.lib06/ds231/ASCII/V/lawn_grass_gds91b.31126.asc"]
["Rangeland C03-004 S08% G27% W1R1Fa AREF","http://speclab.cr.usgs.gov/spectral.lib06/ds231/DESCRIPT/V/rangeland_C03-004.html","http://speclab.cr.usgs.gov/spectral.lib06/ds231/ASCII/V/rangeland_C03-004.31143.asc"]
["Rangeland C03-005 S25% G24% W1R1Fa AREF","http://speclab.cr.usgs.gov/spectral.lib06/ds231/DESCRIPT/V/rangeland_C03-005.html","http://speclab.cr.usgs.gov/spectral.lib06/ds231/ASCII/V/rangeland_C03-005.31175.asc"]
["Rangeland C03-006 S01% G39% W1R1Fa AREF","http://speclab.cr.usgs.gov/spectral.lib06/ds231/DESCRIPT/V/rangeland_C03-006.html","http://speclab.cr.usgs.gov/spectral.lib06/ds231/ASCII/V/rangeland_C03-006.31207.asc"]
["Rangeland C03-010 S12% G15% W1R1Fa AREF","http://speclab.cr.usgs.gov/spectral.lib06/ds231/DESCRIPT/V/rangeland_C03-010.html","http://speclab.cr.usgs.gov/spectral.lib06/ds231/ASCII/V/rangeland_C03-010.31236.asc"]
["Rangeland C03-013 S06% G08% W1R1Fa AREF","http://speclab.cr.usgs.gov/spectral.lib06/ds231/DESCRIPT/V/rangeland_C03-013.html","http://speclab.cr.usgs.gov/spectral.lib06/ds231/ASCII/V/rangeland_C03-013.31264.asc"]
["Rangeland C03-014 S26% G25% W1R1Fa AREF","http://speclab.cr.usgs.gov/spectral.lib06/ds231/DESCRIPT/V/rangeland_C03-014.html","http://speclab.cr.usgs.gov/spectral.lib06/ds231/ASCII/V/rangeland_C03-014.31294.asc"]
["Rangeland C03-017 S20% G19% W1R1Fa AREF","http://speclab.cr.usgs.gov/spectral.lib06/ds231/DESCRIPT/V/rangeland_C03-017.html","http://speclab.cr.usgs.gov/spectral.lib06/ds231/ASCII/V/rangeland_C03-017.31322.asc"]
["Rangeland C03-019 S20% G14% W1R1Fa AREF","http://speclab.cr.usgs.gov/spectral.lib06/ds231/DESCRIPT/V/rangeland_C03-019.html","http://speclab.cr.usgs.gov/spectral.lib06/ds231/ASCII/V/rangeland_C03-019.31354.asc"]
["Rangeland C03-021 S11% G07% W1R1Fa AREF","http://speclab.cr.usgs.gov/spectral.lib06/ds231/DESCRIPT/V/rangeland_C03-021.html","http://speclab.cr.usgs.gov/spectral.lib06/ds231/ASCII/V/rangeland_C03-021.31384.asc"]
["Rangeland C03-022 S12% G22% W1R1Fa AREF","http://speclab.cr.usgs.gov/spectral.lib06/ds231/DESCRIPT/V/rangeland_C03-022.html","http://speclab.cr.usgs.gov/spectral.lib06/ds231/ASCII/V/rangeland_C03-022.31416.asc"]
["Rangeland C03-027 S27% G19% W1R1Fa AREF","http://speclab.cr.usgs.gov/spectral.lib06/ds231/DESCRIPT/V/rangeland_C03-027.html","http://speclab.cr.usgs.gov/spectral.lib06/ds231/ASCII/V/rangeland_C03-027.31442.asc"]
["Rangeland C03-031 S15% G14% W1R1Fa AREF","http://speclab.cr.usgs.gov/spectral.lib06/ds231/DESCRIPT/V/rangeland_C03-031.html","http://speclab.cr.usgs.gov/spectral.lib06/ds231/ASCII/V/rangeland_C03-031.31470.asc"]
["Rangeland C03-032 S34% G15% W1R1Fa AREF","http://speclab.cr.usgs.gov/spectral.lib06/ds231/DESCRIPT/V/rangeland_C03-032.html","http://speclab.cr.usgs.gov/spectral.lib06/ds231/ASCII/V/rangeland_C03-032.31499.asc"]
["Rangeland C03-037 S37% G13% W1R1Fa AREF","http://speclab.cr.usgs.gov/spectral.lib06/ds231/DESCRIPT/V/rangeland_C03-037.html","http://speclab.cr.usgs.gov/spectral.lib06/ds231/ASCII/V/rangeland_C03-037.31530.asc"]
["Rangeland C03-041 S15% G06% W1R1Fa AREF","http://speclab.cr.usgs.gov/spectral.lib06/ds231/DESCRIPT/V/rangeland_C03-041.html","http://speclab.cr.usgs.gov/spectral.lib06/ds231/ASCII/V/rangeland_C03-041.31557.asc"]
["Rangeland C03-047 S09% G12% W1R1Fa AREF","http://speclab.cr.usgs.gov/spectral.lib06/ds231/DESCRIPT/V/rangeland_C03-047.html","http://speclab.cr.usgs.gov/spectral.lib06/ds231/ASCII/V/rangeland_C03-047.31583.asc"]
["Rangeland C03-050 S18% G12% W1R1Fa AREF","http://speclab.cr.usgs.gov/spectral.lib06/ds231/DESCRIPT/V/rangeland_C03-050.html","http://speclab.cr.usgs.gov/spectral.lib06/ds231/ASCII/V/rangeland_C03-050.31612.asc"]
["Rangeland C03-052 S22% G24% W1R1Fa AREF","http://speclab.cr.usgs.gov/spectral.lib06/ds231/DESCRIPT/V/rangeland_C03-052.html","http://speclab.cr.usgs.gov/spectral.lib06/ds231/ASCII/V/rangeland_C03-052.31641.asc"]
["Rangeland C03-066 S11% G17% W1R1Fa AREF","http://speclab.cr.usgs.gov/spectral.lib06/ds231/DESCRIPT/V/rangeland_C03-066.html","http://speclab.cr.usgs.gov/spectral.lib06/ds231/ASCII/V/rangeland_C03-066.31669.asc"]
["Rangeland C03-068 S05% G43% W1R1Fa AREF","http://speclab.cr.usgs.gov/spectral.lib06/ds231/DESCRIPT/V/rangeland_C03-068.html","http://speclab.cr.usgs.gov/spectral.lib06/ds231/ASCII/V/rangeland_C03-068.31700.asc"]
["Rangeland C03-070 S02% G31% W1R1Fa AREF","http://speclab.cr.usgs.gov/spectral.lib06/ds231/DESCRIPT/V/rangeland_C03-070.html","http://speclab.cr.usgs.gov/spectral.lib06/ds231/ASCII/V/rangeland_C03-070.31730.asc"]
["Rangeland C03-073 S30% G24% W1R1Fa AREF","http://speclab.cr.usgs.gov/spectral.lib06/ds231/DESCRIPT/V/rangeland_C03-073.html","http://speclab.cr.usgs.gov/spectral.lib06/ds231/ASCII/V/rangeland_C03-073.31759.asc"]
["Rangeland C03-074 S24% G16% W1R1Fa AREF","http://speclab.cr.usgs.gov/spectral.lib06/ds231/DESCRIPT/V/rangeland_C03-074.html","http://speclab.cr.usgs.gov/spectral.lib06/ds231/ASCII/V/rangeland_C03-074.31789.asc"]
["Rangeland C03-076 S13% G13% W1R1Fa AREF","http://speclab.cr.usgs.gov/spectral.lib06/ds231/DESCRIPT/V/rangeland_C03-076.html","http://speclab.cr.usgs.gov/spectral.lib06/ds231/ASCII/V/rangeland_C03-076.31819.asc"]
["Rangeland C03-077 S09% G10% W1R1Fa AREF","http://speclab.cr.usgs.gov/spectral.lib06/ds231/DESCRIPT/V/rangeland_C03-077.html","http://speclab.cr.usgs.gov/spectral.lib06/ds231/ASCII/V/rangeland_C03-077.31846.asc"]
["Rangeland C03-080 S18% G15% W1R1Fa AREF","http://speclab.cr.usgs.gov/spectral.lib06/ds231/DESCRIPT/V/rangeland_C03-080.html","http://speclab.cr.usgs.gov/spectral.lib06/ds231/ASCII/V/rangeland_C03-080.31877.asc"]
["Rangeland C03-081 S07% G23% W1R1Fa AREF","http://speclab.cr.usgs.gov/spectral.lib06/ds231/DESCRIPT/V/rangeland_C03-081.html","http://speclab.cr.usgs.gov/spectral.lib06/ds231/ASCII/V/rangeland_C03-081.31909.asc"]
["Rangeland C03-085 S06% G24% W1R1Fa AREF","http://speclab.cr.usgs.gov/spectral.lib06/ds231/DESCRIPT/V/rangeland_C03-085.html","http://speclab.cr.usgs.gov/spectral.lib06/ds231/ASCII/V/rangeland_C03-085.31939.asc"]
["Rangeland C03-086 S29% G13% W1R1Fa AREF","http://speclab.cr.usgs.gov/spectral.lib06/ds231/DESCRIPT/V/rangeland_C03-086.html","http://speclab.cr.usgs.gov/spectral.lib06/ds231/ASCII/V/rangeland_C03-086.31969.asc"]
["Rangeland C03-089 S20% G21% W1R1Fa AREF","http://speclab.cr.usgs.gov/spectral.lib06/ds231/DESCRIPT/V/rangeland_C03-089.html","http://speclab.cr.usgs.gov/spectral.lib06/ds231/ASCII/V/rangeland_C03-089.31999.asc"]
["Rangeland C03-090 S14% G31% W1R1Fa AREF","http://speclab.cr.usgs.gov/spectral.lib06/ds231/DESCRIPT/V/rangeland_C03-090.html","http://speclab.cr.usgs.gov/spectral.lib06/ds231/ASCII/V/rangeland_C03-090.32030.asc"]
["Rangeland C03-091 S30% G17% W1R1Fa AREF","http://speclab.cr.usgs.gov/spectral.lib06/ds231/DESCRIPT/V/rangeland_C03-091.html","http://speclab.cr.usgs.gov/spectral.lib06/ds231/ASCII/V/rangeland_C03-091.32060.asc"]
["Rangeland C03-095 S09% G08% W1R1Fa AREF","http://speclab.cr.usgs.gov/spectral.lib06/ds231/DESCRIPT/V/rangeland_C03-095.html","http://speclab.cr.usgs.gov/spectral.lib06/ds231/ASCII/V/rangeland_C03-095.32088.asc"]
["Rangeland C03-097 S07% G21% W1R1Fa AREF","http://speclab.cr.usgs.gov/spectral.lib06/ds231/DESCRIPT/V/rangeland_C03-097.html","http://speclab.cr.usgs.gov/spectral.lib06/ds231/ASCII/V/rangeland_C03-097.32117.asc"]
["Rangeland C04-151 S29% G05% W1R1Fa AREF","http://speclab.cr.usgs.gov/spectral.lib06/ds231/DESCRIPT/V/rangeland_C04-151.html","http://speclab.cr.usgs.gov/spectral.lib06/ds231/ASCII/V/rangeland_C04-151.32147.asc"]
["Rangeland C04-153 S12% G16% W1R1Fa AREF","http://speclab.cr.usgs.gov/spectral.lib06/ds231/DESCRIPT/V/rangeland_C04-153.html","http://speclab.cr.usgs.gov/spectral.lib06/ds231/ASCII/V/rangeland_C04-153.32177.asc"]
["Rangeland C04-154 S12% G10% W1R1Fa AREF","http://speclab.cr.usgs.gov/spectral.lib06/ds231/DESCRIPT/V/rangeland_C04-154.html","http://speclab.cr.usgs.gov/spectral.lib06/ds231/ASCII/V/rangeland_C04-154.32208.asc"]
["Rangeland C04-155A S03% G38% W1R1Fa AREF","http://speclab.cr.usgs.gov/spectral.lib06/ds231/DESCRIPT/V/rangeland_C04-155A.html","http://speclab.cr.usgs.gov/spectral.lib06/ds231/ASCII/V/rangeland_C04-155A.32240.asc"]
["Rangeland C04-166 S09% G10% W1R1Fa AREF","http://speclab.cr.usgs.gov/spectral.lib06/ds231/DESCRIPT/V/rangeland_C04-166.html","http://speclab.cr.usgs.gov/spectral.lib06/ds231/ASCII/V/rangeland_C04-166.32273.asc"]
["Rangeland C04-170 S30% G24% W1R1Fa AREF","http://speclab.cr.usgs.gov/spectral.lib06/ds231/DESCRIPT/V/rangeland_C04-170.html","http://speclab.cr.usgs.gov/spectral.lib06/ds231/ASCII/V/rangeland_C04-170.32305.asc"]
["Rangeland C04-175 S06% G23% W1R1Fa AREF","http://speclab.cr.usgs.gov/spectral.lib06/ds231/DESCRIPT/V/rangeland_C04-175.html","http://speclab.cr.usgs.gov/spectral.lib06/ds231/ASCII/V/rangeland_C04-175.32336.asc"]
["Rangeland C04-197 S17% G15% W1R1Fa AREF","http://speclab.cr.usgs.gov/spectral.lib06/ds231/DESCRIPT/V/rangeland_C04-197.html","http://speclab.cr.usgs.gov/spectral.lib06/ds231/ASCII/V/rangeland_C04-197.32368.asc"]
["Rangeland C04-200 S03% G17% W1R1Fa AREF","http://speclab.cr.usgs.gov/spectral.lib06/ds231/DESCRIPT/V/rangeland_C04-200.html","http://speclab.cr.usgs.gov/spectral.lib06/ds231/ASCII/V/rangeland_C04-200.32399.asc"]
["Rangeland C04-203 S21% G07% W1R1Fa AREF","http://speclab.cr.usgs.gov/spectral.lib06/ds231/DESCRIPT/V/rangeland_C04-203.html","http://speclab.cr.usgs.gov/spectral.lib06/ds231/ASCII/V/rangeland_C04-203.32431.asc"]
["Rangeland C04-204 S24% G06% W1R1Fa AREF","http://speclab.cr.usgs.gov/spectral.lib06/ds231/DESCRIPT/V/rangeland_C04-204.html","http://speclab.cr.usgs.gov/spectral.lib06/ds231/ASCII/V/rangeland_C04-204.32463.asc"]
["Rangeland C04-208 S15% G20% W1R1Fa AREF","http://speclab.cr.usgs.gov/spectral.lib06/ds231/DESCRIPT/V/rangeland_C04-208.html","http://speclab.cr.usgs.gov/spectral.lib06/ds231/ASCII/V/rangeland_C04-208.32493.asc"]
["Rangeland C04-209A S17% G04% W1R1Fa AREF","http://speclab.cr.usgs.gov/spectral.lib06/ds231/DESCRIPT/V/rangeland_C04-209A.html","http://speclab.cr.usgs.gov/spectral.lib06/ds231/ASCII/V/rangeland_C04-209A.32524.asc"]
["Rangeland C04-211 S03% G16% W1R1Fa AREF","http://speclab.cr.usgs.gov/spectral.lib06/ds231/DESCRIPT/V/rangeland_C04-211.html","http://speclab.cr.usgs.gov/spectral.lib06/ds231/ASCII/V/rangeland_C04-211.32556.asc"]
["Rangeland C04-214 S03% G17% W1R1Fa AREF","http://speclab.cr.usgs.gov/spectral.lib06/ds231/DESCRIPT/V/rangeland_C04-214.html","http://speclab.cr.usgs.gov/spectral.lib06/ds231/ASCII/V/rangeland_C04-214.32586.asc"]
["Rangeland C04-226 S05% G25% W1R1Fa AREF","http://speclab.cr.usgs.gov/spectral.lib06/ds231/DESCRIPT/V/rangeland_C04-226.html","http://speclab.cr.usgs.gov/spectral.lib06/ds231/ASCII/V/rangeland_C04-226.32616.asc"]
["Rangeland C04-232 S23% G13% W1R1Fa AREF","http://speclab.cr.usgs.gov/spectral.lib06/ds231/DESCRIPT/V/rangeland_C04-232.html","http://speclab.cr.usgs.gov/spectral.lib06/ds231/ASCII/V/rangeland_C04-232.32647.asc"]
["Rangeland C04-233 S16% G06% W1R1Fa AREF","http://speclab.cr.usgs.gov/spectral.lib06/ds231/DESCRIPT/V/rangeland_C04-233.html","http://speclab.cr.usgs.gov/spectral.lib06/ds231/ASCII/V/rangeland_C04-233.32678.asc"]
["Rangeland C04-236 S20% G18% W1R1Fa AREF","http://speclab.cr.usgs.gov/spectral.lib06/ds231/DESCRIPT/V/rangeland_C04-236.html","http://speclab.cr.usgs.gov/spectral.lib06/ds231/ASCII/V/rangeland_C04-236.32706.asc"]
["Rangeland C04-237 S05% G25% W1R1Fa AREF","http://speclab.cr.usgs.gov/spectral.lib06/ds231/DESCRIPT/V/rangeland_C04-237.html","http://speclab.cr.usgs.gov/spectral.lib06/ds231/ASCII/V/rangeland_C04-237.32737.asc"]
["Rangeland C04-243A S05%G02% W1R1Fa AREF","http://speclab.cr.usgs.gov/spectral.lib06/ds231/DESCRIPT/V/rangeland_C04-243A.html","http://speclab.cr.usgs.gov/spectral.lib06/ds231/ASCII/V/rangeland_C04-243A.32767.asc"]
["Rangeland C04-251 S17% G07% W1R1Fa AREF","http://speclab.cr.usgs.gov/spectral.lib06/ds231/DESCRIPT/V/rangeland_C04-251.html","http://speclab.cr.usgs.gov/spectral.lib06/ds231/ASCII/V/rangeland_C04-251.32800.asc"]
["Rangeland C04-252 S08% G05% W1R1Fa AREF","http://speclab.cr.usgs.gov/spectral.lib06/ds231/DESCRIPT/V/rangeland_C04-252.html","http://speclab.cr.usgs.gov/spectral.lib06/ds231/ASCII/V/rangeland_C04-252.32832.asc"]
["Rangeland C04-253 S27% G21% W1R1Fa AREF","http://speclab.cr.usgs.gov/spectral.lib06/ds231/DESCRIPT/V/rangeland_C04-253.html","http://speclab.cr.usgs.gov/spectral.lib06/ds231/ASCII/V/rangeland_C04-253.32863.asc"]
["Rangeland C04-264 S09% G18% W1R1Fa AREF","http://speclab.cr.usgs.gov/spectral.lib06/ds231/DESCRIPT/V/rangeland_C04-264.html","http://speclab.cr.usgs.gov/spectral.lib06/ds231/ASCII/V/rangeland_C04-264.32894.asc"]
["Rangeland C04-272 S04% G36% W1R1Fa AREF","http://speclab.cr.usgs.gov/spectral.lib06/ds231/DESCRIPT/V/rangeland_C04-272.html","http://speclab.cr.usgs.gov/spectral.lib06/ds231/ASCII/V/rangeland_C04-272.32922.asc"]
["Rangeland C04-273 S25% G08% W1R1Fa AREF","http://speclab.cr.usgs.gov/spectral.lib06/ds231/DESCRIPT/V/rangeland_C04-273.html","http://speclab.cr.usgs.gov/spectral.lib06/ds231/ASCII/V/rangeland_C04-273.32952.asc"]
["Rangeland C04-288 S19% G34% W1R1Fa AREF","http://speclab.cr.usgs.gov/spectral.lib06/ds231/DESCRIPT/V/rangeland_C04-288.html","http://speclab.cr.usgs.gov/spectral.lib06/ds231/ASCII/V/rangeland_C04-288.32983.asc"]
["Rangeland C04-295 S17% G17% W1R1Fa AREF","http://speclab.cr.usgs.gov/spectral.lib06/ds231/DESCRIPT/V/rangeland_C04-295.html","http://speclab.cr.usgs.gov/spectral.lib06/ds231/ASCII/V/rangeland_C04-295.33013.asc"]
["Rangeland L02-005 S14% G16% W1R1Fa AREF","http://speclab.cr.usgs.gov/spectral.lib06/ds231/DESCRIPT/V/rangeland_L02-005.html","http://speclab.cr.usgs.gov/spectral.lib06/ds231/ASCII/V/rangeland_L02-005.33045.asc"]
["Rangeland L02-013 S00% G31% W1R1Fa AREF","http://speclab.cr.usgs.gov/spectral.lib06/ds231/DESCRIPT/V/rangeland_L02-013.html","http://speclab.cr.usgs.gov/spectral.lib06/ds231/ASCII/V/rangeland_L02-013.33072.asc"]
["Rangeland L02-015 S01% G35% W1R1Fa AREF","http://speclab.cr.usgs.gov/spectral.lib06/ds231/DESCRIPT/V/rangeland_L02-015.html","http://speclab.cr.usgs.gov/spectral.lib06/ds231/ASCII/V/rangeland_L02-015.33096.asc"]
["Rangeland L02-019 S01% G06% W1R1Fa AREF","http://speclab.cr.usgs.gov/spectral.lib06/ds231/DESCRIPT/V/rangeland_L02-019.html","http://speclab.cr.usgs.gov/spectral.lib06/ds231/ASCII/V/rangeland_L02-019.33126.asc"]
["Rangeland L02-022 S20% G09% W1R1Fa AREF","http://speclab.cr.usgs.gov/spectral.lib06/ds231/DESCRIPT/V/rangeland_L02-022.html","http://speclab.cr.usgs.gov/spectral.lib06/ds231/ASCII/V/rangeland_L02-022.33152.asc"]
["Rangeland L02-023 S01% G56% W1R1Fa AREF","http://speclab.cr.usgs.gov/spectral.lib06/ds231/DESCRIPT/V/rangeland_L02-023.html","http://speclab.cr.usgs.gov/spectral.lib06/ds231/ASCII/V/rangeland_L02-023.33179.asc"]
["Rangeland L02-025 S00% G21% W1R1Fa AREF","http://speclab.cr.usgs.gov/spectral.lib06/ds231/DESCRIPT/V/rangeland_L02-025.html","http://speclab.cr.usgs.gov/spectral.lib06/ds231/ASCII/V/rangeland_L02-025.33208.asc"]
["Rangeland L02-042 S01% G57% W1R1Fa AREF","http://speclab.cr.usgs.gov/spectral.lib06/ds231/DESCRIPT/V/rangeland_L02-042.html","http://speclab.cr.usgs.gov/spectral.lib06/ds231/ASCII/V/rangeland_L02-042.33234.asc"]
["Rangeland L02-043 S01% G07% W1R1Fa AREF","http://speclab.cr.usgs.gov/spectral.lib06/ds231/DESCRIPT/V/rangeland_L02-043.html","http://speclab.cr.usgs.gov/spectral.lib06/ds231/ASCII/V/rangeland_L02-043.33258.asc"]
["Rangeland L02-045 S01% G04% W1R1Fa AREF","http://speclab.cr.usgs.gov/spectral.lib06/ds231/DESCRIPT/V/rangeland_L02-045.html","http://speclab.cr.usgs.gov/spectral.lib06/ds231/ASCII/V/rangeland_L02-045.33282.asc"]
["Rangeland L02-046 S16% G20% W1R1Fa AREF","http://speclab.cr.usgs.gov/spectral.lib06/ds231/DESCRIPT/V/rangeland_L02-046.html","http://speclab.cr.usgs.gov/spectral.lib06/ds231/ASCII/V/rangeland_L02-046.33312.asc"]
["Rangeland L02-054 S00% G21% W1R1Fa AREF","http://speclab.cr.usgs.gov/spectral.lib06/ds231/DESCRIPT/V/rangeland_L02-054.html","http://speclab.cr.usgs.gov/spectral.lib06/ds231/ASCII/V/rangeland_L02-054.33336.asc"]
["Rangeland L02-057 S01% G47% W1R1Fa AREF","http://speclab.cr.usgs.gov/spectral.lib06/ds231/DESCRIPT/V/rangeland_L02-057.html","http://speclab.cr.usgs.gov/spectral.lib06/ds231/ASCII/V/rangeland_L02-057.33360.asc"]
["Rangeland L02-058 S00% G25% W1R1Fa AREF","http://speclab.cr.usgs.gov/spectral.lib06/ds231/DESCRIPT/V/rangeland_L02-058.html","http://speclab.cr.usgs.gov/spectral.lib06/ds231/ASCII/V/rangeland_L02-058.33387.asc"]
["Rangeland L02-060 S00% G13% W1R1Fa AREF","http://speclab.cr.usgs.gov/spectral.lib06/ds231/DESCRIPT/V/rangeland_L02-060.html","http://speclab.cr.usgs.gov/spectral.lib06/ds231/ASCII/V/rangeland_L02-060.33413.asc"]
["Rangeland L02-061 S00% G06% W1R1Fa AREF","http://speclab.cr.usgs.gov/spectral.lib06/ds231/DESCRIPT/V/rangeland_L02-061.html","http://speclab.cr.usgs.gov/spectral.lib06/ds231/ASCII/V/rangeland_L02-061.33439.asc"]
["Rangeland L02-068A S00% G38% W1R1Fa AREF","http://speclab.cr.usgs.gov/spectral.lib06/ds231/DESCRIPT/V/rangeland_L02-068A.html","http://speclab.cr.usgs.gov/spectral.lib06/ds231/ASCII/V/rangeland_L02-068A.33466.asc"]
["Rangeland L02-069 S00% G99% W1R1Fa AREF","http://speclab.cr.usgs.gov/spectral.lib06/ds231/DESCRIPT/V/rangeland_L02-069.html","http://speclab.cr.usgs.gov/spectral.lib06/ds231/ASCII/V/rangeland_L02-069.33496.asc"]
["Rangeland L02-077 S00% G28% W1R1Fa AREF","http://speclab.cr.usgs.gov/spectral.lib06/ds231/DESCRIPT/V/rangeland_L02-077.html","http://speclab.cr.usgs.gov/spectral.lib06/ds231/ASCII/V/rangeland_L02-077.33526.asc"]
["Rangeland L04-035 S03% G54% W1R1Fa AREF","http://speclab.cr.usgs.gov/spectral.lib06/ds231/DESCRIPT/V/rangeland_L04-035.html","http://speclab.cr.usgs.gov/spectral.lib06/ds231/ASCII/V/rangeland_L04-035.33557.asc"]
["Rangeland L04-047 S00% G47% W1R1Fa AREF","http://speclab.cr.usgs.gov/spectral.lib06/ds231/DESCRIPT/V/rangeland_L04-047.html","http://speclab.cr.usgs.gov/spectral.lib06/ds231/ASCII/V/rangeland_L04-047.33589.asc"]
["Rangeland L04-058 S34% G25% W1R1Fa AREF","http://speclab.cr.usgs.gov/spectral.lib06/ds231/DESCRIPT/V/rangeland_L04-058.html","http://speclab.cr.usgs.gov/spectral.lib06/ds231/ASCII/V/rangeland_L04-058.33620.asc"]
["Rangeland L04-072 S30% G21% W1R1Fa AREF","http://speclab.cr.usgs.gov/spectral.lib06/ds231/DESCRIPT/V/rangeland_L04-072.html","http://speclab.cr.usgs.gov/spectral.lib06/ds231/ASCII/V/rangeland_L04-072.33651.asc"]
["Rangeland L04-075A S00% G49% W1R1Fa AREF","http://speclab.cr.usgs.gov/spectral.lib06/ds231/DESCRIPT/V/rangeland_L04-075A.html","http://speclab.cr.usgs.gov/spectral.lib06/ds231/ASCII/V/rangeland_L04-075A.33682.asc"]
["Rangeland L04-091 S10% G11% W1R1Fa AREF","http://speclab.cr.usgs.gov/spectral.lib06/ds231/DESCRIPT/V/rangeland_L04-091.html","http://speclab.cr.usgs.gov/spectral.lib06/ds231/ASCII/V/rangeland_L04-091.33714.asc"]
["Rangeland L04-095 S01% G51% W1R1Fa AREF","http://speclab.cr.usgs.gov/spectral.lib06/ds231/DESCRIPT/V/rangeland_L04-095.html","http://speclab.cr.usgs.gov/spectral.lib06/ds231/ASCII/V/rangeland_L04-095.33744.asc"]
["Rangeland L04-096 S00% G45% W1R1Fa AREF","http://speclab.cr.usgs.gov/spectral.lib06/ds231/DESCRIPT/V/rangeland_L04-096.html","http://speclab.cr.usgs.gov/spectral.lib06/ds231/ASCII/V/rangeland_L04-096.33775.asc"]
["Stonwll_Ply+.1grnGrass AMX33 W1R1Ba AREF","http://speclab.cr.usgs.gov/spectral.lib06/ds231/DESCRIPT/V/stonwll_ply10-20.html","http://speclab.cr.usgs.gov/spectral.lib06/ds231/ASCII/V/stonwll_ply10-20.33801.asc"]
["Stonwll_Ply+.2grnGrass AMX34 W1R1Ba AREF","http://speclab.cr.usgs.gov/spectral.lib06/ds231/DESCRIPT/V/stonwll_ply10-20.html","http://speclab.cr.usgs.gov/spectral.lib06/ds231/ASCII/V/stonwll_ply10-20.33813.asc"]
["Willow_Dead FluvTailSite_A W1R1Fa AREF","http://speclab.cr.usgs.gov/spectral.lib06/ds231/DESCRIPT/V/willow_dead_fluvtailsite_a.html","http://speclab.cr.usgs.gov/spectral.lib06/ds231/ASCII/V/willow_dead_fluvtailsite_a.33826.asc"]
["Willow_Dead FluvTailSite_A W1R1Fa AREF","http://speclab.cr.usgs.gov/spectral.lib06/ds231/DESCRIPT/V/willow_dead_fluvtailsite_a.html","http://speclab.cr.usgs.gov/spectral.lib06/ds231/ASCII/V/willow_dead_fluvtailsite_a.33826.asc"]